claim_id,material_claim,proof_or_lemma,manuscript_location,evidence_or_checker,raw_result,paper_object,maturity,boundary,fresh_recheck
C01,Predictable targets can be reconstructed from disjoint leakage across eligible states,model-and-proofs.md P1,sec:predictable,direct constructive proof,future_target,fig:predictable-target,proved,Requires efficient decoders available when each query is chosen,2026-09-13
C02,Known deterministic future updates preserve predictability of a later target,model-and-proofs.md P2,cor:future,composition proof; exhaustive two-step maps,future_target,fig:predictable-target,proved; finite corroboration,Future unknown randomness can invalidate the premise,2026-09-13
C03,Representation refresh does not protect a persistent decoded target,model-and-proofs.md P2a,sec:predictable,invariant-decoder proof; share cases,shares,tab:shares,proved; finite corroboration,Whole-state circuit access; not every split-state model,2026-09-13
C04,"Uniform-target leakage has exact success 2^{-max(m-L,0)}",model-and-proofs.md P3,prop:uniform-curve,decision-tree proof; prefix enumeration,prefix; trees,tab:trees,proved; finite corroboration,Uniform target and no uncharged target-dependent interface,2026-09-13
C05,At most L publicly framed leakage bits transport a sequential bad event with factor 2^L,model-and-proofs.md P4,thm:transport,classical path proof and quantum positive-block proof,trees,tab:trees,proved; finite corroboration,Classical query/answer channel; framing must be charged,2026-09-13
C06,A classical transcript of support K reduces cq conditional min-entropy by at most log K,model-and-proofs.md P9,lem:cq-support,POVM averaging proof,extractor,tab:extractor,proved,Classical target/transcript; arbitrary quantum side information allowed,2026-09-13
C07,Adaptive classical read-only leakage transports any positive terminal event by the factor of a public causal guesser,model-and-proofs.md P9a; entropy-ratchet-proof.md §2,thm:support-transport,online causal path coupling; public response-tree exact checker,trees; public_framing,tab:trees,proved; finite corroboration,Guesser must be efficient and public; framing and termination symbols included; per-secret support is insufficient,2026-09-15
C08,Isolated one-session soundness has no generic sequential lift without history premises,model-and-proofs.md P5/P6,sec:no-black-box,explicit feedback counterexample,negative_controls,tab:controls,proved counterexample,Does not claim failure of a particular published protocol,2026-09-13
C09,Secret-dependent length timing abort and termination must be included in transcript support,model-and-proofs.md P4/P9a,sec:framing,framing counterexamples,negative_controls,tab:controls,proved boundary,No side-channel measurements are made,2026-09-13
C10,Centered advantage cannot replace absolute bad-event probability under leakage transport,model-and-proofs.md P6a,sec:no-black-box,explicit baseline counterexample,negative_controls,tab:controls,proved counterexample,Applies to the declared bad event accounting,2026-09-13
C11,One freshly rerandomized share per epoch can hide a fixed XOR secret in the restricted model,model-and-proofs.md P7,thm:oneshare,distribution proof; exhaustive policies,shares,tab:shares,proved; finite corroboration,No joint leakage refresh leakage or restored masks,2026-09-13
C12,Restoring encoding randomness permits complementary observations to reconstruct the target,model-and-proofs.md P7a,prop:restore,two-observation proof; restored-mask cases,shares; negative_controls,tab:shares; tab:controls,proved counterexample; finite corroboration,Mathematical rollback schedule not an OS measurement,2026-09-13
C13,Known deterministic inputs after full compromise cannot by themselves recreate secrecy,model-and-proofs.md P8,sec:known-inputs,induction on fully known state,,,proved,Not a lower bound for partial compromise with hidden future entropy,2026-09-13
C14,Ordinary fixed-mode QPT soundness lifts to efficiently generated straight-line prefixes for that same fixed mode,entropy-ratchet-proof.md Lemma 1,lem:prefix-lift,combined prefix/continuation prover,,,proved,Adaptive mode selection correlated with quantum prefix needs an explicit chosen-mode two-stage theorem,2026-09-15
C15,Control failure is paid once by a safe-process coupling without conditioning loss,entropy-ratchet-proof.md §3,eq:safe-coupling,coupled experiment proof,ratchet_negative_controls,fig:compiler,proved; finite witnesses,rho must honestly include all undeclared rollback/erasure failures,2026-09-13
C16,A predecessor-hybrid entropy ledger permits one strong quantum-proof extractor hop,entropy-ratchet-proof.md Lemma 2,lem:extract-hop,quantum leftover-hash lemma plus CPTP contractivity,extractor,tab:extractor,proved theorem application; finite corroboration,Seed independent; source entropy proved in predecessor hybrid,2026-09-13
C17,Ratchet semantic-freshness errors add across sequential update hybrids,entropy-ratchet-proof.md Corollary 3,cor:ratchet-freshness,triangle inequality over update hops,ratchet_loss,tab:ratchet-budget,proved,Distance is statistical/trace distance under declared source model,2026-09-13
C18,Entropy-ratcheted sequential soundness is bounded by rho + sum delta_j + sum Gamma_j epsilon_j,entropy-ratchet-proof.md Theorem 4,thm:compiler,safe coupling; extraction hybrids; matching prefix theorem; causal leakage transport; first-bad partition,ratchet_loss,fig:compiler; tab:ratchet-budget,proved main theorem; exact arithmetic corroboration,Sequential nonoverlapping sessions; classical read-only current leakage with public causal guesser,2026-09-15
C19,Uniform bit-length parameters give rho + Q2^{-tau} + Q2^{L-lambda},entropy-ratchet-proof.md Theorem 4 uniform-parameter substitution,cor:uniform,substitution into main theorem,ratchet_loss,tab:ratchet-budget,proved; exact arithmetic corroboration,Accounting only; no soundness amplification theorem,2026-09-15
C20,Retained observation support J costs log J entropy and yields delta <= 1/2 sqrt(J2^{r-h}),entropy-ratchet-proof.md §6,eq:ratchet-budget,cq support lemma plus independent-source additivity,entropy_budgets,tab:ratchet-budget,proved; finite corroboration,Requires retained state independent uniform jointly with prior side information and previous base tape in predecessor hybrid; base protocol cannot read retained state,2026-09-15
C21,h >= r + log J + 2tau - 2 suffices for extractor error 2^{-tau},entropy-ratchet-proof.md §6,eq:fresh-entropy-threshold,algebraic rearrangement,entropy_budgets,tab:ratchet-budget,proved; finite corroboration,Sufficient bound not a source construction,2026-09-13
C22,A full-entropy XOR update gives exact fresh retained state and session coins after exposure,entropy-ratchet-proof.md §7,cor:exact-xor,bijection/conditional distribution proof,xor_refresh,tab:ratchet-controls,proved; finite corroboration,Toy full-entropy construction not computationally efficient randomness expansion,2026-09-15
C23,A source with support 2^k cannot be close to uniform on more than k exact bits beyond the support barrier,entropy-ratchet-proof.md §8,prop:entropy-barrier,support-size total-variation lower bound,entropy_barriers,tab:ratchet-controls,proved; finite corroboration,Information-theoretic statement for fixed seed/output map,2026-09-13
C24,Exposure of an erased update source can reveal the next output when all other inputs are public,entropy-ratchet-proof.md §8,prop:erased-source,deterministic reconstruction witness,ratchet_negative_controls,tab:ratchet-controls,proved counterexample; finite corroboration,Shows erasure/freshness premise necessity not universal compromise,2026-09-13
C25,Restoring an exposed predecessor makes the rollback term necessary,model-and-proofs.md P12; entropy-ratchet-proof.md §8,prop:rollback,fresh-versus-restored coupling,rollback; ratchet_negative_controls,tab:semantic-freshness; tab:ratchet-controls,proved counterexample; finite corroboration,Operational prevention mechanism outside finite experiment,2026-09-13
C26,Displaying but not checking a domain tag creates no separation,entropy-ratchet-proof.md §8,prop:domain-binding,relabeling/replay witness,ratchet_negative_controls,tab:ratchet-controls,proved counterexample; finite corroboration,Checked binding required only where acceptance relies on separation,2026-09-13
C27,The coefficients of rho extractor distance and causal leakage multiplier are black-box sharp,entropy-ratchet-proof.md §7,prop:componentwise-sharpness,mixture distance and target protocols,ratchet_loss; trees,tab:ratchet-budget; tab:trees,proved lower-bound family; finite corroboration,Witnesses are componentwise not simultaneous universal optimality,2026-09-15
C28,The first-bad session sum is first-order tight for independent sessions,model-and-proofs.md P11; entropy-ratchet-proof.md §8,prop:lifetime-curves,exact 1-(1-p)^Q expansion,sequential_semantic_freshness,tab:semantic-freshness,proved; finite corroboration,Asymptotic first-order statement for fixed Q and small p,2026-09-13
C29,Fresh and persistent targets have different exact lifetime curves,model-and-proofs.md P11,prop:lifetime-curves,closed forms and exhaustive tuples,sequential_semantic_freshness,tab:semantic-freshness,proved; finite corroboration,Toy target protocol not a CVQC security experiment,2026-09-13
C30,Two structurally different calculations agree on all frozen scientific fields,finite calculations,sec:finite,reproduce.py; verify.py; 37 tests,all expected outputs including public_framing,seven generated tables; public-framing prose result,measured exact evidence,Same research process; not independent external verification,2026-09-18
C31,Affine-hash finite cases satisfy exact distances and declared leftover-hash bounds,finite extractor audit,sec:finite,entropy_ratchet.py and independent verifier,extractor,tab:extractor,measured exact finite evidence,Tiny classical flat sources only,2026-09-13
C32,Exact XOR-ratchet finite cases have zero conditional distance,exact finite ratchet audit,sec:finite,two implementations and regression tests,xor_refresh,tab:ratchet-controls,measured exact finite evidence,Full-entropy toy cases only,2026-09-13
C33,Fresh-key Mahadev sessions instantiate the compiler for one fixed no-instance under the published base theorem and declared interfaces,entropy-ratchet-proof.md §9; manuscript corollary,cor:mahadev,random-tape mapping; prefix lifting; checked outer label,,tab:mahadev-audit,proved conditional corollary,Regenerates key pair; unamplified error near 3/4; no fixed-key evolution or implicit amplification,2026-09-15
C34,A fixed-public-key correlated Mahadev trapdoor lineage is not established,scope boundary,sec:limitations,explicit exclusion and construction-audit table,,tab:mahadev-audit; tab:audit,not claimed; outside locked scope,Would require new LWE/trapdoor residual-hardness reduction,2026-09-13
C35,Closest-work calibration covers 12 closest 5 influential and 5 adjacent full papers; bibliography records 84 cited works by reading depth,literature-calibration.md,sec:related,22-paper structural matrix,literature_matrix.csv,related-work synthesis,structurally calibrated,Internal single-process reading; not independent novelty certification or proof audit,2026-09-18
C36,The final article satisfies the fixed internal 36-page and 55-plus-reference contract,manuscript/PDF audit,whole manuscript,build log; PDF preflight; all-page renders; bibliography/matrix audit,clean-reproduction records; 84 cited references,paper/main.pdf,measured artifact state,Internal contract not an official journal length rule or acceptance guarantee,2026-09-18
C37,"For a complete public fixed response tree, terminal-descendant sampling is leaf-uniform and achieves the optimal factor equal to the number of leaves",entropy-ratchet-proof.md §2; model-and-proofs.md P9a,thm:support-transport follow-up,leaf-count telescoping proof; direct tree enumeration; independent recurrence,public_framing,sec:finite,proved for public fixed trees; finite corroboration,Future framing tree must be public and independent of secret and unexamined private branches,2026-09-15
C38,Per-secret or realized transcript support does not by itself give a public causal leakage factor,entropy-ratchet-proof.md §2 and §8,thm:support-transport follow-up,deterministic secret-response counterexample and seeded negative control,negative_controls,tab:controls,proved boundary; finite corroboration,Joint cq support remains valid for entropy accounting; the counterexample concerns online protocol simulation,2026-09-15
C39,The Chia--Chung--Yamakawa amplified fresh-key verifier composes with the entropy ratchet to give negligible lifetime error under polynomial session and causal factors,entropy-ratchet-proof.md §9; manuscript corollary,cor:mahadev-amplified,published fixed-no-instance parallel-repetition theorem plus compiler substitution,,,proved conditional corollary from cited base theorem,All repeated verifier randomness must be derived from the fresh tape; no independent repetition or fixed-key claim,2026-09-15
C40,The frozen public-framing audit covers 677 tree shapes and 6813 leaves; leaf sampling strictly improves local-uniform guessing on 672 shapes,finite calculations,sec:finite,finite_games.py; independent verify.py recurrence; mutation rejection test,public_framing,,measured exact finite evidence,Depth-at-most-four ordered pruned binary trees only; not a general proof substitute,2026-09-15
C41,The delivered packet contains 84 bibliography entries and exactly the same 84 cited keys in the manuscript literature matrix and normalized registry; every primary locator is covered by the external-resource ledger,offline bibliography/source-ledger audit,sec:related; bibliography,audit_sources.py; nine mutation tests,results/expected/source-audit.json; inputs/references.bib; inputs/manuscript-citations.txt; inputs/bibliography_registry.csv,84-entry printed bibliography,finite-checked artifact integrity,Offline consistency and identifier-form audit only; no network resolution content certification independent novelty review or independent proof validation,2026-09-18
